Priority_Tier,Company,Brand_Division,Job_Title,City,State,Region,Level,Employment_Type,Annual_Salary_Low,Annual_Salary_High,Hourly_Low,Hourly_High,Min_Experience_Yrs,Education_Required,Key_Responsibilities,Key_Skills,Apply_URL,Source_Platform,Dates_Timeline,Perks_Benefits,Status_Notes
1 - Internship,Tapestry,Coach / Kate Spade / Tapestry Corporate,Summer Supply Chain Product Development Procurement & Operations Intern,New York,NY,NYC,Internship,Internship,,,20.00,20.00,0,Current undergrad student,"Materials & product development support; supplier selection & negotiation; market analysis; cross-functional collaboration with supply chain & ops teams","Supply chain fundamentals; Excel; materials knowledge; vendor awareness; communication; time management",https://careers.tapestry.com/job/New-York-Summer-Supply-Chain,-Product-Development,-Procurement-&-Operations-Internships-NY-10001/1345187900/,Tapestry Careers (careers.tapestry.com),"10 weeks Jun 2 – Aug 7 2026; Hudson Yards NYC; hybrid Tue–Thu in office","$20/hr; Summer Fridays; product discounts; sample sales; meal stipends; luxury brand exposure across Coach & Kate Spade","Confirmed open – apply directly at careers.tapestry.com"
1 - Internship,PVH Corp,Calvin Klein / Tommy Hilfiger,2026 Early Talent Undergraduate Internship – Supply Chain & Production,New York,NY,NYC,Internship,Internship,,,,,0,Current undergrad student (rising junior or senior),"Supply chain & production cycle exposure; production tracking support; merchandising liaison; design & vendor team collaboration; process documentation support","Supply chain basics; fashion/product knowledge; Excel; communication; analytical thinking; attention to detail",https://careers.pvh.com/jobs/2026-early-talent-undergraduate-internship-program-product-design-tech-design-merchandising-supply-chain-production-new-york-united-states,PVH Careers (careers.pvh.com),"2026 cohort; NYC HQ (200 Madison Ave); rolling applications until filled","Full benefits package at full-time offer; above-market 401(k) contribution; internal mobility across Calvin Klein & Tommy Hilfiger brands","Confirmed open – rolling applications; apply at careers.pvh.com"
1 - Internship,URBN,Urban Outfitters / Anthropologie / Free People / Nuuly,2026 Summer Supply Chain Internship,Philadelphia,PA,Philadelphia,Internship,Internship,,,15.00,20.00,0,Current undergrad student (rising junior or senior),"Day-to-day supply chain operations support; inventory & demand planning exposure; distribution center tours; leadership development seminars; cross-functional project collaboration; retail math training","Supply chain basics; Excel; retail math; analytical thinking; collaboration; time management; intellectual curiosity",https://www.urbn.com/internships,URBN Careers (urbn.com/internships),"10 weeks Jun 1 – Aug 7 2026; on-site at Philadelphia Navy Yard (5000 S Broad St); all-brands exposure","Paid; generous employee discounts across all URBN brands; medical/dental/vision available; retirement savings; PTO; direct pipeline to FT Allocation Analyst roles","Confirmed open – apply at urbn.com/internships"
1 - Internship,Capri Holdings,Michael Kors / Versace / Jimmy Choo,Corporate Internship – Supply Chain & Logistics,New York / Secaucus,NY / NJ,NYC / NJ Hybrid,Internship,Internship,,,,,0,Current undergrad student,"Supply chain & logistics cross-functional exposure; corporate project support across luxury brand divisions; process analysis; KPI reporting; brand operations liaison work","Supply chain fundamentals; luxury fashion awareness; Excel; communication; professional presence; curiosity about luxury SC operations",https://capri.wd1.myworkdayjobs.com/Michael_Kors,Capri Workday Careers (capri.wd1.myworkdayjobs.com),"Jun 2026; hybrid Mon–Thu 32 hrs/wk; NYC HQ or Secaucus NJ office – your choice","Exposure across MK / Versace / Jimmy Choo teams; hybrid schedule; luxury brand portfolio on resume; strong FT conversion track record","Confirmed open – apply at capri.wd1.myworkdayjobs.com/Michael_Kors"
1 - Internship,Burlington Stores,Burlington Coat Factory / Burlington,Planning & Allocation Analyst Intern – Summer 2026,Burlington,NJ,New Jersey,Internship,Internship,43680,43680,,,0,"Pursuing Bachelor's in Merchandising / Marketing / Business / Supply Chain; graduating Dec 2026 – Aug 2027","Day-to-day allocation analyst experience; manage & optimize in-store inventory; data-driven merchandise planning exposure; retail math; Microsoft Excel training; distribution center tours; leadership development seminars","Excel (intermediate+); retail math; inventory management; data analysis; analytical thinking; attention to detail; teamwork; competitive drive",https://burlingtonstores.jobs/burlington-nj/planning-allocation-analyst-intern-summer-2026/C615FC0EA1934A86BE14ED88913DABED/job/,Burlington Stores Careers (burlingtonstores.jobs),"Summer 2026; Burlington NJ HQ (Edgewater Park / Burlington NJ area); in-office; apply by Jun 25 2026; HireVue on-demand video interview + AI assessment","$43680 annualized paid stipend; mirrors full-time Allocation Analyst role; strong pipeline to Allocation Analyst Development Program ($65K FT role)","Confirmed open – direct URL above; deadline Jun 25 2026; apply immediately"
1 - Internship,Tiffany & Co.,Tiffany & Co. (LVMH Group),Supply Chain Planning Intern,Parsippany,NJ,New Jersey,Internship,Internship,,,,,0,"Current undergrad in Supply Chain / Business / IT / Operations; rising junior or senior preferred","Supply chain planning project support; IT supply chain systems work; cross-functional project coordination; data analysis; process documentation; WMS/ERP system exposure","Supply chain planning fundamentals; Excel / data tools; systems aptitude; analytical skills; communication; curiosity about luxury retail supply chain",https://www.lvmh.com/en/join-us/our-job-offers,LVMH Careers (lvmh.com) / Tiffany Careers (tiffanycareers.com),"Summer 2026; Parsippany NJ Tiffany office; verify at tiffanycareers.com","Two internship tracks available: SC Planning and IT Supply Chain Systems; LVMH-owned luxury brand; Tiffany name recognition on resume","Verify current status at tiffanycareers.com; historically recurring internship"
1 - Internship,Tiffany & Co.,Tiffany & Co. (LVMH Group),Logistics Internship,Whippany,NJ,New Jersey,Internship,Internship,,,25.00,25.00,0,"Current undergrad in Supply Chain / Logistics / Business; rising junior or senior preferred","Logistics operations support; distribution center exposure; inbound/outbound shipping coordination support; inventory processing support; Tiffany Service Center repair order support","Logistics fundamentals; attention to detail; Excel; shipping & receiving basics; luxury goods handling; reliability",https://www.ziprecruiter.com/co/Tiffany/Jobs/-in-Whippany,NJ,ZipRecruiter / Tiffany Careers (tiffanycareers.com),"Summer 2026; Whippany NJ logistics/distribution facility; $25/hr; in-person","$25/hr; LVMH luxury brand exposure; Tiffany & Co. distribution operations experience; strong resume builder","Confirmed – active ZipRecruiter listings; verify at tiffanycareers.com"
2 - Entry-Level,Burlington Stores,Burlington Coat Factory / Burlington,Allocation Analyst – Development Program (2026 Start Dates),Burlington,NJ,New Jersey,Entry-Level,Full-Time,65000,65000,,,0,"Bachelor's in Merchandising / Business / Finance / Supply Chain or related field","Manage & optimize in-store inventory across Burlington retail locations; drive sales margin & store performance through data-driven allocation strategy; analyze sell-through & inventory data; develop allocation recommendations; generate KPI reports; collaborate with buying & planning teams; participate in structured onboarding & training program","Excel (advanced); retail math; inventory management; data analysis; allocation systems (training provided); critical thinking; attention to detail; team collaboration; eagerness to learn",https://burlingtonstores.jobs/burlington-nj/allocation-analyst-development-program-2026-start-dates/450B6040A3274C18AA50EDA59C4E7CAC/job/,Burlington Stores Careers (burlingtonstores.jobs),"Multiple 2026 start dates available; Burlington NJ HQ (Edgewater Park area); in-office; structured onboarding program for first weeks then placed in business area","$65K base + annual performance-based merit increase; generous PTO; medical/dental/vision; company-matched 401(k); paid holidays; Early Release Fridays all year","Confirmed open – direct URL above; strongest entry-level pipeline role in NJ"
2 - Entry-Level,The RealReal,The RealReal (online luxury consignment),Photography Production Assistant,Secaucus,NJ,New Jersey,Entry-Level,Full-Time,,,15.50,16.25,1,"High school diploma required; 1 yr fashion styling or product photography experience required","Photograph designer clothing; fine jewelry; watches; luxury accessories; capture detailed product condition images per brand standards; authenticate items; maintain production workflow standards; document quality metrics; process items through studio workflow","Fashion product photography; luxury goods & brand knowledge; product styling; attention to detail; image quality standards; physical stamina (standing/moving); teamwork; consistent quality output",https://www.therealreal.com/careers/7080341002,The RealReal Careers / LinkedIn / Glassdoor,"Active ongoing hiring; Secaucus NJ authentication & photography center (in-person / warehouse studio)","Free shuttle from local train station to center; free/discounted lunch 3x/week; free bagels 2x/week; employee discount on luxury resale; paid training","Confirmed active – listings on LinkedIn salary.com and therealreal.com/careers"
2 - Entry-Level,The RealReal,The RealReal (online luxury consignment),Photography Production Assistant,Perth Amboy,NJ,New Jersey,Entry-Level,Full-Time,,,16.00,17.25,1,"High school diploma required; 1 yr fashion styling or product photography experience required","Photograph designer clothing; fine jewelry; watches; luxury accessories; process & authenticate luxury items; quality documentation; production workflow adherence per brand standards","Fashion product photography; luxury goods & brand knowledge; product styling; attention to detail; image quality standards; physical stamina; teamwork; consistent output",https://www.glassdoor.com/job-listing/photography-production-assistant-the-realreal-JV_IC1126936_KO0,32_KE33,45.htm?jl=1009677501333,Glassdoor / The RealReal Careers (therealreal.com/careers),"Active ongoing hiring; Perth Amboy NJ authentication center (in-person / warehouse studio); slightly higher pay than Secaucus","Employee discount on luxury resale; paid training; Perth Amboy NJ location – easier commute from Middlesex/Monmouth counties","Confirmed active on Glassdoor – Perth Amboy NJ"
2 - Entry-Level,Randa Apparel & Accessories,"Levi's / Tommy Hilfiger / Calvin Klein / Columbia / Izod / Haggar (licensed brands)",Logistics Center Associate – Picking / Packing / Planning / Shipping,Bloomfield,NJ,New Jersey,Entry-Level,Full-Time,,,16.00,22.00,0,"High school diploma; prior warehouse or logistics experience a plus but not required","Process 300000+ units daily through Randa's fashion logistics center; picking / packing / planning / shipping garment & accessory orders; inventory control & cycle counts; order fulfillment to major retailers; shipping & receiving; quality checks; RF scanner operation","Warehouse operations; shipping & receiving; inventory control; order fulfillment; RF scanner operation; physical stamina; reliability; punctuality; teamwork; ability to meet daily production targets",https://randa.net/careers-logistics/,Randa Careers (randa.net/careers-logistics),"Multiple permanent openings at all times; Bloomfield NJ logistics center (near Newark); in-person / warehouse","Health / vision / dental insurance with low employee contribution; unlimited award-winning online fitness & wellness programs; stable company (60+ years); 30+ licensed brands","Actively hiring on ongoing basis – apply at randa.net/careers-logistics"
2 - Entry-Level,Calvin Klein / PVH Corp,Calvin Klein (PVH Global Supply Chain),Production Assistant – Global Supply Chain (Entry Level),New York,NY,NYC,Entry-Level,Full-Time,50000,65000,,,0,"Bachelor's in Fashion / Supply Chain / Business / Operations or equivalent experience","Issue garment purchase orders for seasonal buys per customer demand; monitor production from order placement through warehouse receipt; identify demand & execute garment purchases from projections & orders in a timely manner; finished goods tracking & reporting; identify production issues & review potential solutions with management; maintain production & inventory requirements for Calvin Klein Sport & Jeans businesses","Garment production basics; purchase order management; supply chain tracking; Excel; ERP awareness; attention to detail; cross-functional communication; demand analysis; ability to follow complex production calendars",https://stylecareers.com/job/production-assistant-global-supply-chain-entry-level-calvin-klein-new-york-new-york-99442,StyleCareers.com / PVH Careers (careers.pvh.com),"NYC (Calvin Klein HQ); entry-level; verify current status at careers.pvh.com or stylecareers.com","PVH benefits package (medical/dental/vision; 401(k); paid leave); Calvin Klein brand prestige; clear career path to Supply Planner / Production Coordinator roles within PVH","Confirmed on StyleCareers – verify current status at careers.pvh.com"
2 - Entry-Level,URBN,Anthropologie,Temporary Product Development & Production Assistant,Philadelphia,PA,Philadelphia,Entry-Level,Part-Time / Contract,40000,61000,,,0,"Bachelor's in Fashion / Textile / Product Development / Merchandising preferred","Support production for Anthropologie brand across divisions; liaison between vendors / design / quality control / sales / packaging teams; sample tracking & management; administrative production support; maintain production status updates; milestone follow-through; vendor communication on behalf of production team","Product development basics; vendor communication; Excel; organizational skills; attention to detail; proactive follow-up; team player; ability to multi-task across multiple brands simultaneously",https://www.linkedin.com/jobs/view/urbn-temporary-part-time-product-development-production-assistant-at-urbn-urban-outfitters-anthropologie-group-free-people-nuuly-3069225455,LinkedIn / URBN Careers (urbn.com/work-with-us),"Temporary part-time contract; on-site at Navy Yard Philadelphia (5000 S Broad St); can transition to full-time permanent position","Employee discounts across all URBN brands; medical/dental/vision (at FT hours); retirement savings; PTO (for full-time converted roles); built-in path to PD Coordinator","Active LinkedIn listing – verify current status at urbn.com/work-with-us"
2 - Entry-Level,Gina Group,"Multi-brand wholesale fashion: footwear / hosiery / cold weather / intimates / handbags / tech accessories / home",Replenishment Coordinator,New York,NY,NYC,Entry-Level,Full-Time,55000,65000,,,1,"Bachelor's preferred in Business / Fashion / Supply Chain / Operations","Assist Senior Replenishment Manager with order processing accuracy & timeliness; inventory tracking & replenishment planning across accounts; day-to-day operational support; liaison between sales / production / warehouse teams; generate inventory status & replenishment reports; resolve order discrepancies","Inventory management; Excel; order tracking; ERP / WMS system awareness (training provided); attention to detail; communication; multi-tasking; collaborative team player",https://www.ziprecruiter.com/co/Gina-Group/Jobs/-in-New-York,NY,ZipRecruiter / LinkedIn / Gina Group (ginagroup.com),"Active ongoing hiring; NYC HQ (35+ yr established company); in-office; 16+ open positions as of May 2026","Competitive salary $55K–$65K; stable well-established wholesale company; exposure to major retail accounts; broad multi-category fashion product experience","Confirmed active – 16 open roles at Gina Group NYC; apply via LinkedIn or ZipRecruiter"
2 - Entry-Level,Gina Group,"Gina Concepts division – footwear / hosiery / cold weather / intimates / handbags / accessories / home",Production Coordinator,New York,NY,NYC,Entry-Level,Full-Time,55000,65000,,,1,"Bachelor's in Fashion / Business / Supply Chain / Apparel Manufacturing preferred","Support production for Gina Concepts division; coordinate daily between vendors / design / product development / packaging / quality control / sales teams; assist with cost negotiation communications; create & manage production orders in system; follow up on factory production for on-time delivery; track seasonal production calendar milestones; communicate with overseas partners via email daily","Production coordination; vendor & factory communication; cost management basics; Excel; PLM / ERP awareness; attention to detail; multi-tasking; deadline management; written communication skills",https://www.linkedin.com/jobs/view/production-coordinator-at-gina-group-3993603563,LinkedIn / Indeed (indeed.com/cmp/Gina-Group) / ginagroup.com,"Active hiring; NYC HQ; reports to VP of Production; in-office; national avg pay $64754/yr for this role","Competitive salary; 35+ yr company; broad multi-category experience from footwear to home goods; strong production career training","Confirmed listing on LinkedIn – production coordinator role at Gina Group NYC"
2 - Entry-Level,Steve Madden,Steve Madden / Madden Girl / Betsey Johnson brands,Production Coordinator,Long Island City,NY,NYC,Entry-Level,Full-Time,55000,70000,,,1,"Bachelor's in Fashion / Apparel Production / Supply Chain / Business preferred","Issue & track work orders for all ordered items; obtain and manage production approvals; communicate daily with vendors / design / production teams across brands; maintain production tracking reports for on-time delivery; follow up on sample deliveries & testing results; compliance documentation management; seasonal milestone tracking","Microsoft Office Suite (required – Excel / Word / Outlook); production tracking; vendor communication; work order management; attention to detail; fashion production knowledge; multi-brand management",https://www.stevemadden.com/pages/career-corporate,Steve Madden Careers (stevemadden.com/pages/career-corporate) / Indeed / LinkedIn,"Long Island City NY HQ (52-16 Barnett Ave LIC); 50+ open Steve Madden roles in NY metro area; in-office","Health & dental insurance; life insurance; disability insurance; 401(k); paid holidays; employee discount on Steve Madden products; multi-brand footwear & accessories portfolio","Active ongoing hiring – check stevemadden.com/pages/career-corporate and Indeed for current openings"
2 - Entry-Level,Salvatore Ferragamo,Salvatore Ferragamo USA (luxury fashion & leather goods),Warehouse Stock & Logistics Coordinator,Secaucus,NJ,New Jersey,Entry-Level,Full-Time,,,20.00,24.00,1,"High school diploma required; Bachelor's preferred; warehouse experience required (not a remote/marketing role)","Join regional Distribution Center in Secaucus NJ; manage inbound & outbound luxury goods stock; warehouse stock coordination & organization; logistics documentation & record-keeping; ensure accuracy of luxury item inventory; coordinate with warehouse & logistics teams on shipment processing; compliance with Ferragamo standards for luxury goods handling","Warehouse operations experience (required); inventory management; luxury goods handling care; attention to detail; organizational skills; physical stamina; teamwork; logistics documentation; forklift / RF scanner a plus",https://bebee.com/us/jobs/warehouse-stock-logistics-coordinator-salvatore-ferragamo-secaucus-nj--theirstack-667830506,BeBee / Ferragamo Careers (ferragamo.com/us/en/sf/work-with-us) / Indeed,"Active hiring; Secaucus NJ Distribution Center (700 Castle Rd); in-person / warehouse; $20–$24/hr","Luxury fashion brand exposure; employee discount on Ferragamo products; health benefits; 401(k); part of global luxury group with Florence HQ; strong learning environment in luxury logistics","Confirmed – active BeBee listing; apply also at ferragamo.com/us/en/sf/work-with-us"
3 - Mid-Level,Style Theory,Style Theory (private label ladies / men's / children's apparel importer),Apparel Production Coordinator,New York,NY,NYC,Mid-Level,Full-Time,60000,75000,,,2,"Bachelor's in Fashion / Apparel Production / Supply Chain; 2+ yrs apparel production coordinator experience required","Review customer processes & requirements; daily communication with overseas factories & agents; oversee production schedules & milestone tracking; manage production calendar from development through delivery; coordinate sample approvals; resolve production issues; maintain production tracking reports; ensure on-time delivery","Excel (required – proficiency is must); apparel production coordination; overseas factory communication; production calendar management; daily follow-up discipline; PLM awareness; project management; attention to detail",https://stylecareers.com/job/apparel-production-coordinator-manhattan-new-york-329179,StyleCareers.com,"Manhattan NYC (Garment District 10018); permanent full-time; 2+ yrs apparel production coordinator experience required; in-office","Established NYC import apparel company; tops / bottoms / dresses across sportswear / sleep / performance activewear categories; private label manufacturing experience","Confirmed – StyleCareers.com listing; Manhattan / Garment District NYC"
3 - Mid-Level,Coach / Tapestry,Coach,Coordinator – Product Development,New York,NY,NYC,Mid-Level,Full-Time,58500,70000,,,1,"Bachelor's in Fashion / Product Development / Supply Chain / Business","Manage full product development & production cycle end-to-end; communicate with internal & external partners to meet all milestones; complete bills of materials; support costing processes; serve as key daily contact for vendor communication; track sample & material approvals","Product development lifecycle; vendor & factory communication (overseas preferred); BOM management; costing support; Excel; PLM systems; milestone tracking; attention to detail; multi-brand exposure",https://careers.tapestry.com/coach/job/New-York-Coordinator,-Product-Development-NY-10001/1335460600/,Tapestry Careers (careers.tapestry.com),"NYC; multiple simultaneous open listings; 1–3 yrs exp; hybrid Tue–Thu in office","Medical/dental/vision; 401(k); paid maternity & paternity leave; commuter benefits; disability; tuition assistance; generous product discounts; career path to Senior Coordinator / Manager PD","Multiple open listings confirmed at careers.tapestry.com"
3 - Mid-Level,Coach / Tapestry,Coach,Coordinator – Product Development (Footwear),New York,NY,NYC,Mid-Level,Full-Time,64350,68000,,,1,"Bachelor's in Fashion / Footwear Design / Product Development preferred","Footwear product development & production cycle management; vendor & factory communication (overseas); milestone tracking; BOM creation & management; costing support; sample & lab dip approvals; material & color approvals tracking","Footwear product development; factory/vendor relations (overseas strongly preferred); BOM management; costing; Excel; PLM; footwear construction & materials knowledge",https://careers.tapestry.com/coach/job/new-york-Coordinator,-Product-Development,-Footwear-NY-10001/1341731100/,Tapestry Careers (careers.tapestry.com),"NYC; 1–3 yrs footwear PD experience preferred; hybrid","Full benefits package; product discounts; tuition assistance; hybrid work flexibility; path to Senior PD Coordinator in Footwear","Confirmed open – careers.tapestry.com"
3 - Mid-Level,Coach / Tapestry,Coach / Coachtopia (sustainability-focused brand),Coordinator – Product Development (Ready-to-Wear & Leather Goods / Coachtopia),New York,NY,NYC,Mid-Level,Full-Time,64350,75000,,,1,"Bachelor's in Fashion / Leather Goods / Sustainable Design / Product Development","RTW & leather goods product development & production cycle management; Coachtopia sustainable & circular product line coordination; vendor & factory communication; BOM & costing management; circular design process support","Leather goods construction knowledge; sustainable product development; vendor relations (overseas factories preferred); BOM; costing; PLM; passion for sustainability and circular fashion economy",https://careers.tapestry.com/coach/job/New-York-Coordinator,-Product-Development,-Ready-to-wear-&-Leather-Goods-Coachtopia-NY-10001/1271832000/,Tapestry Careers (careers.tapestry.com),"NYC; Coachtopia is Coach's circular economy brand; hybrid; opportunity to work on industry-leading sustainability initiative","Focus on circular economy & sustainability; full benefits; product discounts; meaningful mission-driven work; leading-edge sustainable fashion experience","Confirmed open – careers.tapestry.com (Coachtopia division)"
3 - Mid-Level,Coach / Tapestry,Coach,Coordinator – Materials Planning,New York,NY,NYC,Mid-Level,Full-Time,64350,70000,,,2,"Bachelor's in Supply Chain / Materials Management / Fashion / Business","Materials planning & inventory allocation management; align material inventory with production schedules; coordinate vendor material deliveries; inventory reporting & analysis; cross-functional communication with product development & production teams; supply planning support across categories","Materials planning; inventory management; supply chain planning; Excel (advanced); ERP/MRP systems; vendor coordination; data analysis; accuracy-driven; strong follow-up",https://careers.tapestry.com/coach/job/New-York-Coordinator,-Materials-Planning-NY-10001/1303906200/,Tapestry Careers (careers.tapestry.com),"NYC; 2+ yrs in materials or supply planning preferred; hybrid","Full benefits; commuter benefits; tuition assistance; paid parental leave; clear path to Materials Planning Manager","Confirmed open – careers.tapestry.com"
3 - Mid-Level,URBN,Anthropologie,Supply Chain Analyst,Philadelphia,PA,Philadelphia,Mid-Level,Full-Time,70000,101000,,,2,"Bachelor's in Supply Chain Management / Operations / Business / Analytics","Sales & operations planning (S&OP) and long-range forecasting across all URBN brands; manage inbound scorecard reporting; call center & logistics labor planning; distribution & fulfillment site labor planning; global scorecarding process management & metric enhancements; cross-functional collaboration with DC teams across Philadelphia","S&OP; demand forecasting; advanced Excel (model building required); supply chain analytics; ERP/WMS systems; data visualization; strong written & verbal communication; 2+ yrs SC experience or applicable internship experience",https://www.ziprecruiter.com/c/Urban-Outfitters/Job/URBN-Supply-Chain-Analyst/-in-Philadelphia,PA?jid=8d128db41b427f29,ZipRecruiter / Glassdoor / URBN Careers (urbn.com/work-with-us),"Active listing; 2+ yrs SC experience or applicable internship required; on-site at Navy Yard Philadelphia HQ","Medical/dental/vision; generous employee discounts across all URBN brands; retirement savings; PTO; strong internal culture; career path to SC Manager","Confirmed active listing on ZipRecruiter and Glassdoor"
3 - Mid-Level,URBN,Anthropologie,Product Development Coordinator,Philadelphia,PA,Philadelphia,Mid-Level,Full-Time,43000,62000,,,1,"Bachelor's in Fashion / Textile / Merchandising / Product Development","Coordinate product details from hardware to materials; liaison between vendors and design teams; sample tracking & management; sourcing support; production scheduling; milestone follow-through across Anthropologie brand","Product development lifecycle; vendor communication; materials & hardware knowledge; Excel; PLM systems; organizational skills; strong attention to detail; multi-category product knowledge",https://www.linkedin.com/jobs/urbn-urban-outfitters-anthropologie-group-free-people-nuuly-jobs-philadelphia-pa,LinkedIn / URBN Careers (urbn.com/work-with-us),"Active listing; on-site at Navy Yard Philadelphia; Anthropologie brand","Employee discounts (fashion + home + lifestyle); medical/dental/vision; PTO; retirement savings; path to Sr. PD Coordinator","Confirmed active on LinkedIn"
3 - Mid-Level,URBN,Anthropologie Home,Product Development Coordinator – Home,Philadelphia,PA,Philadelphia,Mid-Level,Full-Time,44000,65000,,,1,"Bachelor's in Fashion / Interior Design / Product Development / Merchandising","Home goods product development coordination; vendor communication & relationship management; sample tracking; material & hardware sourcing; design-to-production milestone management; cross-functional team support across Anthropologie Home division","Home goods PD knowledge; vendor relations; sample management; materials sourcing; Excel; attention to detail; proactive communication; awareness of home & lifestyle category trends",https://www.glassdoor.com/Jobs/URBN-Philadelphia-Jobs-EI_IE2770817.0,4_IL.5,17_IC1152672.htm,Glassdoor / URBN Careers (urbn.com/work-with-us),"Active listing; Anthropologie Home division; Navy Yard Philadelphia","Employee discounts across all URBN categories (fashion + home); medical/dental/vision; PTO; unique home goods PD experience","Confirmed active on Glassdoor – Anthropologie Home"
3 - Mid-Level,URBN,Free People / FP Movement,Sr. Production Coordinator,Philadelphia,PA,Philadelphia,Mid-Level,Full-Time,44000,64000,,,2,"Bachelor's in Fashion / Textile / Production Management / Supply Chain","Production coordination for FP Movement activewear line; on-time delivery tracking & escalation; seasonal factory allocation management; compliance & testing follow-up; cost breakdown assistance to maintain margin; vendor management & relationship building; cross-departmental communication","Production management; factory allocation; compliance & testing; cost management; vendor communication; Excel; PLM; deadline management; activewear or performance category knowledge a plus",https://www.linkedin.com/company/urban-outfitters-inc/jobs,LinkedIn / URBN Careers (urbn.com/work-with-us),"Active listing; FP Movement activewear division; Navy Yard Philadelphia; 2+ yrs preferred","Employee discounts across Free People / FP Movement; medical/dental/vision; PTO; retirement savings; growing activewear brand experience","Confirmed active on LinkedIn – FP Movement division"
3 - Mid-Level,PVH Corp,Calvin Klein,Supply Planner – Accessories & Apparel,New York,NY,NYC,Mid-Level,Full-Time,75000,100000,,,2,"Bachelor's in Fashion / Supply Chain / Business / Operations","Build rough-cut capacity plans meeting demand requirements; translate forecasts into long-term supply plans; manage JDA Enterprise Supply Planning system for assigned accessories & apparel business segment; understand & incorporate supplier constraints & capabilities; adhere to vendor sourcing strategy & PVH strategic initiatives; cross-functional collaboration with production & merchant teams","JDA Enterprise Supply Planning (required); demand forecasting; capacity planning; supply chain analytics; Excel; supplier relationship management; ERP proficiency; 2+ yrs supply planning experience in fashion or apparel preferred",https://careers.pvh.com/jobs/supply-planner-accessories-apparel-calvin-klein-new-york-united-states,PVH Careers (careers.pvh.com),"Calvin Klein NYC office; hybrid schedule; bonus eligible; not eligible for visa sponsorship","Bonus eligible; medical/dental/vision; above-market 401(k) contribution; hybrid; internal mobility across Calvin Klein & Tommy Hilfiger; path to Supply Planning Manager","Confirmed open – direct URL on careers.pvh.com"
3 - Mid-Level,PVH Corp,Calvin Klein,Supply Planner – Apparel,New York,NY,NYC,Mid-Level,Full-Time,75000,100000,,,2,"Bachelor's in Fashion / Supply Chain / Business","Apparel supply planning; build & maintain supply plans that meet demand while adhering to vendor sourcing strategy & PVH initiatives; manage JDA planning system for assigned business; translate forecasts into actionable supply plans; collaborate with production & vendor teams on capacity & constraints","JDA supply planning; apparel production knowledge; Excel; capacity planning; supplier management; forecasting; ERP; 2+ yrs relevant supply planning experience",https://seasonalworks.labor.ny.gov/supply-planner-apparel-calvin-klein/jobs-in/new-york/usa/jobs/pvh-corp/careers/,PVH Careers / NY State Labor Dept,"Calvin Klein NYC office; hybrid; verify current status at pvh.wd1.myworkdayjobs.com","Bonus eligible; hybrid; internal advancement; medical/dental/vision; 401(k) match","Verify current status at pvh.wd1.myworkdayjobs.com"
3 - Mid-Level,PVH Corp,Calvin Klein,Associate Planner,New York,NY,NYC,Mid-Level,Full-Time,65000,85000,,,1,"Bachelor's in Fashion / Business / Supply Chain / Retail Planning","Support full planning function; inventory & allocation planning across CK product categories; cross-functional alignment with buying / merchandising / distribution teams; demand analysis & reporting; data management & system updates; support Supply Planner on capacity & supply plan work","Planning & allocation; Excel (advanced); ERP/retail planning systems (SAP / JDA); inventory management; data analysis; communication; attention to detail; retail math",https://pvh.wd1.myworkdayjobs.com/PVH_Careers,PVH Workday Careers (pvh.wd1.myworkdayjobs.com),"Calvin Klein NYC; hybrid; verify current opening on PVH Workday portal at pvh.wd1.myworkdayjobs.com","Bonus eligible; medical/dental/vision; 401(k) match; hybrid; strong development path within PVH planning function","Verify current status at pvh.wd1.myworkdayjobs.com/PVH_Careers"
3 - Mid-Level,Randa Apparel & Accessories,"Levi's / Tommy Hilfiger / Calvin Klein / Columbia / Izod / Haggar (licensed brands)",Supply Chain Coordinator,Bloomfield,NJ,New Jersey,Mid-Level,Full-Time,43700,76650,21.00,37.00,2,"Bachelor's in Supply Chain / Logistics / Business / Operations","Coordinate logistics from international agents through production; track & allocate goods across supply chain from overseas factories to US distribution; manage cost control & shipping & receiving operations; production planning & scheduling support; regular interface with executive management; identify process improvement opportunities","Supply chain coordination; import/export logistics; cost management; Excel / ERP; vendor & agent communication; production planning; international shipping awareness; analytical skills",https://randa.net/careers/,Randa Careers (randa.net),"Bloomfield NJ; multiple open coordinator roles; world's largest men's accessories company; 300000+ units shipped daily; 30+ licensed brands","Health/vision/dental with low employee contribution; unlimited fitness & wellness programs; stable 60+ yr company; diverse brand portfolio","Actively hiring on ongoing basis – apply at randa.net/careers"
3 - Mid-Level,Kering,"Gucci / Saint Laurent / Balenciaga / Bottega Veneta / Alexander McQueen (US wholesale operations)",Supply Chain Specialist – Wholesale,Wayne,NJ,New Jersey,Mid-Level,Full-Time,62400,66560,30.00,32.00,2,"Bachelor's in Supply Chain / Business / Operations; 2–4 yrs wholesale supply chain or retail logistics experience required","Manage end-to-end operational workflow of Kering's luxury wholesale business across all brands; oversee priority management / invoicing / return authorizations / KPI tracking & reporting; coordinate across Origin teams / Sales / Buying Offices / Finance / Inventory Control / Accounts Receivable / 3PL distribution center; support luxury brand partners' wholesale operational excellence","Wholesale supply chain operations; order management; invoicing & returns; KPI reporting; cross-functional coordination; SAP or similar ERP (preferred); Excel; luxury brand awareness; 2–4 yrs relevant experience required",https://www.businessoffashion.com/careers/job/309294/kering-supply-chain-specialist-wholesale/?TrackID=11,Business of Fashion (BoF) Careers / LinkedIn (Kering careers),"START DATE: May 14 2026; Wayne NJ (Kering Americas US HQ); regular full-time","Medical/prescription drug; dental; vision; critical illness; accident; hospital indemnity; HSA; FSA; 401(k); life/AD&D; short-term disability; luxury brand portfolio exposure","Confirmed – BoF listing with May 14 2026 start date; apply at businessoffashion.com/careers"
3 - Mid-Level,Kering,"Gucci / Saint Laurent / Balenciaga / Bottega Veneta (US distribution operations)",Logistics Specialist,Wayne,NJ,New Jersey,Mid-Level,Full-Time,70000,77000,,,2,"Bachelor's in Logistics / Supply Chain / Business; 2–4 yrs international & domestic transportation management experience","Oversee international & domestic transportation partners across all Kering brand distribution channels; ensure cost-effective / timely / efficient process management; carrier relationship management & performance monitoring; logistics cost tracking & reporting; cross-channel distribution coordination (retail / wholesale / e-commerce); compliance & customs documentation management","International & domestic logistics management; carrier & 3PL management; transportation cost optimization; import/export documentation; customs compliance; ERP / TMS systems; Excel; process improvement; luxury brand logistics experience preferred",https://www.businessoffashion.com/careers/job/312066/kering-logistics-specialist/?TrackID=11,Business of Fashion (BoF) Careers / LinkedIn (Kering careers),"START DATE: July 1 2026; Wayne NJ (Kering Americas US HQ); regular full-time","Medical/prescription drug; dental; vision; HSA; FSA; 401(k); life/AD&D; short-term disability; wellbeing programs; global luxury brand group exposure","Confirmed – BoF listing with July 1 2026 start date; apply at businessoffashion.com/careers"
3 - Mid-Level,Tiffany & Co.,Tiffany & Co. (LVMH Group – luxury jewelry & accessories),Sr. Operations Associate – Logistics & Distribution,Whippany,NJ,New Jersey,Mid-Level,Full-Time,,,25.25,34.00,1,"High school diploma required; Bachelor's preferred; 1+ yr operations or logistics experience in luxury retail environment preferred","Accurate & timely processing & distribution of Tiffany Service Center repair orders; document & package management from internal departments to clients & store locations; inventory accuracy & logistics coordination at Whippany distribution facility; support e-commerce logistics operations; reverse logistics process support","Operations coordination; luxury goods handling (care & precision required); inventory accuracy; shipping & receiving; document management; Excel; attention to detail; reliability; experience in luxury retail environment preferred",https://www.lvmh.com/en/join-us/our-job-offers/63079,LVMH Careers (lvmh.com/en/join-us) / Tiffany Careers (tiffanycareers.com) / ZipRecruiter / Indeed,"Active hiring; Whippany NJ Tiffany operations & logistics facility; in-person; $25.25–$34.00/hr","Luxury brand prestige; employee discount on Tiffany & Co. products; LVMH benefits package; medical/dental/vision; 401(k); paid holidays; global luxury group platform","Confirmed – LVMH careers listing (job 63079); verify at tiffanycareers.com or lvmh.com/en/join-us/our-job-offers/63079"
3 - Mid-Level,Delta Galil Industries,"Calvin Klein / Ralph Lauren / intimates & basics brands (Walmart & mass retail channel)",Planner – Walmart,Secaucus,NJ,New Jersey,Mid-Level,Full-Time,90000,115000,,,2,"Bachelor's in Supply Chain / Business / Finance / Retail Management; 2+ yrs retail or wholesale planning experience; Walmart planning experience a strong plus","Drive financial / inventory / demand planning execution for Walmart retail & eCommerce business; partner closely with Walmart buyers & planners on seasonal plans; work with internal Sales / Planning Managers / Production / Warehouse / IT teams; own style / color / size-level analysis; support seasonal & weekly planning processes; play critical role in order management system","Retail / wholesale demand planning; Walmart partnership experience strongly preferred; merchandise planning systems; advanced Excel; inventory & financial planning; S&OP; analytical & quantitative skills; ERP systems",https://career.deltagalil.com/,Delta Galil Careers (career.deltagalil.com) / BeBee / LinkedIn,"Hybrid 4 days/wk in Secaucus NJ office; reports to Planning Manager; 2+ yrs planning experience","Multi-brand merchandise discount; medical/dental/vision; 401(k) with company match; hybrid schedule; global intimates & basics company with 31 open Secaucus NJ roles","Confirmed active – BeBee and LinkedIn; apply at career.deltagalil.com; 31 open Delta Galil roles in Secaucus NJ"
3 - Mid-Level,Delta Galil Industries,"Calvin Klein / Ralph Lauren / intimates & basics brands",Junior Merchandise Planner,Secaucus,NJ,New Jersey,Mid-Level,Full-Time,60000,85000,,,1,"Bachelor's in Supply Chain / Business / Fashion Merchandising / Retail Management; 1+ yrs planning or buying experience preferred","Support full merchandise planning processes; style / color / size-level inventory analysis & reporting; seasonal planning cycle support; weekly replenishment planning; order management support; cross-functional collaboration with sales / production / warehouse teams; data analysis & planning system management","Merchandise planning; Excel (advanced – required); retail planning systems; inventory analysis; attention to detail; quantitative skills; strong communication; team collaboration; analytical mindset",https://career.deltagalil.com/,Delta Galil Careers (career.deltagalil.com) / Glassdoor / LinkedIn,"31 open Delta Galil roles in Secaucus NJ as of May 2026; 1+ yr experience preferred; hybrid 4 days/wk","Multi-brand merchandise discount; medical/dental/vision; 401(k) match; career growth within global company; clear path from Jr. Planner → Planner → Sr. Planner","Active – 31 open roles; apply at career.deltagalil.com; strong growth path"
3 - Mid-Level,Ralph Lauren,Ralph Lauren / Polo Ralph Lauren / Lauren Ralph Lauren,Supply Chain Analyst,New York,NY,NYC,Mid-Level,Full-Time,75000,100000,,,2,"Bachelor's in Supply Chain / Operations / Business / Analytics; 2+ yrs SC analytics or planning experience preferred","Supply chain data analysis & reporting; demand forecasting support; inventory management analytics; process improvement identification & execution; cross-functional collaboration with production / logistics / planning teams; KPI development tracking & dashboarding; analytical modeling in Excel or Python/R","Advanced Excel (required); analytics tools (R / Python / Jupyter Notebook a strong plus); supply chain analytics; ERP systems; data visualization (Tableau / Power BI); communication; 2+ yrs SC or relevant experience; detail-oriented; data-driven mindset",https://careers.ralphlauren.com/en_US/CareersCorporate/SearchJobsCorporate/,Ralph Lauren Careers (careers.ralphlauren.com) / Glassdoor / LinkedIn,"NYC HQ (650 Madison Ave); hybrid; avg RL Supply Chain Analyst salary $84577/yr; 79 open RL roles in NYC","Competitive health benefits; generous 401(k); hybrid work flexibility; employee discount; fashion-forward culture; global brand prestige","Active hiring – verify current opening at careers.ralphlauren.com; 79 open Ralph Lauren roles in NYC"
3 - Mid-Level,Ralph Lauren,Ralph Lauren / Polo Ralph Lauren,Financial Planning & Analysis Associate – Supply Chain,New York,NY,NYC,Mid-Level,Full-Time,75000,95000,,,1,"Bachelor's in Finance / Supply Chain / Business; 1–3 yrs FP&A or supply chain analytics experience","Financial planning & analysis supporting supply chain function; budgeting & forecasting for SC operations; variance analysis & root cause explanation; cross-functional financial reporting to SC leadership; supply chain cost tracking & optimization identification; management presentation support","Financial modeling; Excel (advanced – required); FP&A; supply chain finance understanding; ERP / SAP; data analysis; strong communication; PowerPoint for presentations; 1–3 yrs FP&A or SC analytics experience",https://www.businessoffashion.com/careers/job/299010/ralph-lauren-financial-planning-and-analysis-associate-supply-chain/,Business of Fashion (BoF) Careers / Ralph Lauren Careers (careers.ralphlauren.com),"NYC HQ (650 Madison Ave); hybrid; verify current status at careers.ralphlauren.com","Competitive health benefits; 401(k); hybrid; employee discount; direct exposure to C-suite SC leadership; global brand platform","Confirmed on BoF – verify current status at careers.ralphlauren.com"
3 - Mid-Level,Warby Parker,Warby Parker (direct-to-consumer eyewear),Manager – Supply Chain Design,New York,NY,NYC,Mid-Level,Full-Time,92000,105000,,,5,"Bachelor's in Business / Engineering / Supply Chain; MBA a plus; 5+ yrs supply chain experience required","Research / develop / strategize world-class manufacturing & supply chain network design; execute implementation plans with cross-functional internal teams; design manufacturing processes & operational workflows; develop and track SC KPIs; international partner & vendor liaison; supply chain network optimization for cost & quality","Supply chain network design; manufacturing process design; vendor management & selection; KPI development & tracking; cross-functional leadership; Excel / ERP; data-driven decision making; 5+ yrs SC experience REQUIRED",https://jobs.generalcatalyst.com/companies/warby-parker/jobs/68103611-manager-supply-chain-design,General Catalyst Job Board / LinkedIn (Warby Parker jobs),"NYC HQ; Product Strategy team; hybrid; 5+ yrs SC experience required; competitive pay band $92K–$105K","Vision insurance & product discounts; 401(k); paid parental leave; flexible PTO; employee product discounts; collaborative culture; mission-driven brand","Confirmed open – direct listing on General Catalyst job board; also verify at warbyparker.com/careers"
3 - Mid-Level,Warby Parker,Warby Parker (direct-to-consumer eyewear),Supply Chain Operations Manager,New York,NY,NYC,Mid-Level,Full-Time,92000,105000,,,5,"Bachelor's in Business / Engineering / Supply Chain; 5+ yrs SC operations experience required","Lead day-to-day supply chain operations activities; manage SC team members; develop & optimize operational workflows & SOPs; vendor relationship management; cross-functional execution with product / inventory / retail teams; identify & implement continuous process improvements","SC operations management; vendor management; team leadership; operational workflow design; Excel / ERP; process improvement (lean / six sigma a strong plus); 5+ yrs SC operations experience REQUIRED",https://www.linkedin.com/jobs/view/supply-chain-operations-manager-at-warby-parker-19300393,LinkedIn / Warby Parker Careers (warbyparker.com/careers),"NYC HQ; hybrid; 5+ yrs experience required; verify current status at warbyparker.com/careers","Vision benefits & discounts; 401(k); paid parental leave; flexible PTO; product discounts; wellness programs; mission-driven culture","Verify current status at warbyparker.com/careers or LinkedIn"
3 - Mid-Level,G-III Apparel Group,"DKNY / Donna Karan / Karl Lagerfeld Paris / G.H. Bass (owned) & Calvin Klein / Tommy Hilfiger / Karl Lagerfeld (licensed)",Production Coordinator,New York,NY,NYC,Mid-Level,Full-Time,55000,75000,,,2,"Bachelor's in Fashion / Textile / Production Management / Apparel Manufacturing; 2+ yrs apparel production experience","Daily communication with design / merchandising / logistics agents / factories across G-III brands; maintain production tracking reports for on-time delivery; assist with cost breakdowns to maintain margin expectations; maintain seasonal factory allocations; follow up on testing & compliance requirements; track sample deliveries; cross-departmental email correspondence & communication","Production coordination; factory & vendor communication (overseas daily); production tracking & reporting; costing & margin analysis; compliance & testing follow-up; PLM / Excel; multi-brand management; deadline-driven work ethic; strong written communication",https://www.giii.com/pages/work-with-us,G-III Careers (giii.com/pages/work-with-us) / LinkedIn / Indeed (indeed.com/cmp/G--iii-Apparel-Group),"NYC HQ (512 7th Ave); G-III has more Operations roles open now than any point in the past 12 months; 23 open positions in NYC metro as of May 2026; in-office","Major licensed brand portfolio (30+ brands); internal mobility across brands; diverse product categories; 60+ yr established company; strong mentorship for early-career production professionals","Actively hiring – check giii.com/pages/work-with-us and LinkedIn now"
3 - Mid-Level,Puma USA,Puma (global athletic / sportswear / lifestyle brand),Supply Chain Operations Coordinator,Somerville,NJ,New Jersey,Mid-Level,Full-Time,45000,65000,,,1,"Bachelor's in Supply Chain / Logistics / Business / Operations; 1+ yrs experience in SC or logistics coordination","Day-to-day supply chain operation execution & coordination; monitor logistics operations (warehousing / inventory / transportation / shipping documentation); coordinate global system setup of apparel & footwear components & finished goods; manage supplier capacity & production priorities for assigned programs; order fulfillment support from factory to distribution center","Supply chain operations; logistics coordination; WMS / ERP systems; Excel; vendor communication; order management; warehousing fundamentals; global SC awareness; team collaboration",https://about.puma.com/en/taxonomy/term/861,Puma Careers (about.puma.com/en/careers/job-openings) / LinkedIn,"Somerville NJ US HQ; 463 Puma jobs in US with new positions added daily; verify specific role at about.puma.com/en/careers; filter by Operations/Supply Chain & Logistics + Somerville NJ","Employee discounts on Puma products; health benefits; 401(k); gym / fitness perks; global brand exposure; growing US presence","Check about.puma.com/en/careers/job-openings – filter by Operations/Supply Chain & Logistics + Somerville NJ location"
3 - Mid-Level,Primark,Primark US (international fast-fashion retailer),Supply Chain & Warehousing Specialist,Multiple – Jersey City / Newark / Philadelphia,NJ / PA,NJ / Philadelphia,Mid-Level,Full-Time,50000,75000,,,2,"Bachelor's in Supply Chain / Logistics / Business / Operations; 2+ yrs warehousing or supply chain coordination experience","Supply chain operations management for Primark US locations; warehousing & distribution coordination; logistics process coordination & continuous improvement; support depot automation initiatives (50% automation target by 2027); inventory management & reporting; vendor & carrier communication; process documentation","Supply chain management; warehousing operations; logistics coordination; WMS systems (training provided); process improvement mindset; inventory analytics; team collaboration; strong communication skills",https://careers.primark.com/en/location/new-jersey-jobs/8171/6252001-5101760/3,Primark Careers (careers.primark.com) – filter by NJ / Philadelphia + Supply Chain & Warehousing,"Expanding to 530 stores by 2026; 50% depot automation initiative; multiple NJ & Philadelphia locations; check careers.primark.com directly for current openings","Employee discounts; fast-growing retailer with rapid US expansion; internal advancement as Primark grows US presence; European-style work culture","Check careers.primark.com and filter by NJ / Philadelphia + Supply Chain & Warehousing category"
